section,dish,item,code,supplier,notes
menu-mep-3,FOCACCIA PIZZA,FOCACCIA PIZZA,,,section
menu-mep-3,CLASSIC MARGHERITA,CLASSIC MARGHERITA,,,dish
menu-mep-3,CLASSIC MARGHERITA,"Focaccia base, Scrocchiarella",5003923,BRAKES,
menu-mep-3,CLASSIC MARGHERITA,Pizza sauce,60587,BRAKES,
menu-mep-3,CLASSIC MARGHERITA,Diced mozzarella,130980,BRAKES,
menu-mep-3,CLASSIC MARGHERITA,Fresh basil,136440,BRAKES,
menu-mep-3,CLASSIC MARGHERITA,Extra virgin olive oil,HB001,BELAZU,
menu-mep-3,PEPPERONI AND HOT HONEY,PEPPERONI AND HOT HONEY,,,dish
menu-mep-3,PEPPERONI AND HOT HONEY,"Focaccia base, Scrocchiarella",5003923,BRAKES,
menu-mep-3,PEPPERONI AND HOT HONEY,Pizza sauce,60587,BRAKES,
menu-mep-3,PEPPERONI AND HOT HONEY,Diced mozzarella,130980,BRAKES,
menu-mep-3,PEPPERONI AND HOT HONEY,Pepperoni,3780,BRAKES,
menu-mep-3,PEPPERONI AND HOT HONEY,Hot honey sauce,BS015D,BELAZU,
menu-mep-3,"CHARRED AUBERGINE, WHIPPED FETA, PESTO AND ROCKET","CHARRED AUBERGINE, WHIPPED FETA, PESTO AND ROCKET",,,dish
menu-mep-3,"CHARRED AUBERGINE, WHIPPED FETA, PESTO AND ROCKET","Focaccia base, Scrocchiarella",5003923,BRAKES,
menu-mep-3,"CHARRED AUBERGINE, WHIPPED FETA, PESTO AND ROCKET",Pizza sauce,60587,BRAKES,
menu-mep-3,"CHARRED AUBERGINE, WHIPPED FETA, PESTO AND ROCKET",Diced mozzarella,130980,BRAKES,
menu-mep-3,"CHARRED AUBERGINE, WHIPPED FETA, PESTO AND ROCKET",Charred aubergines,MA172E,BELAZU,
menu-mep-3,"CHARRED AUBERGINE, WHIPPED FETA, PESTO AND ROCKET",Whipped feta,152939,BRAKES,
menu-mep-3,"CHARRED AUBERGINE, WHIPPED FETA, PESTO AND ROCKET","Pesto, nut free and vegetarian",PP003,BELAZU,
menu-mep-3,"CHARRED AUBERGINE, WHIPPED FETA, PESTO AND ROCKET",Rocket,5001984,BRAKES,
menu-mep-3,GRILL,GRILL,,,section
menu-mep-3,225G BRITISH SIRLOIN,225G BRITISH SIRLOIN,,,dish
menu-mep-3,225G BRITISH SIRLOIN,Sirloin Steak,158FA,BPM,
menu-mep-3,225G BRITISH SIRLOIN,Flat mushroom,450109,BRAKES,
menu-mep-3,225G BRITISH SIRLOIN,Plum tomato,10333,BRAKES,
menu-mep-3,225G BRITISH SIRLOIN,McCain Steak Thick Cut Chips,34484,BRAKES,
menu-mep-3,225G BRITISH SIRLOIN,Pea shoots,13150,UFC,
menu-mep-3,280G BRITISH RIB EYE,280G BRITISH RIB EYE,,,dish
menu-mep-3,280G BRITISH RIB EYE,10 oz Rib Eye Steak,1210FA,BPM,
menu-mep-3,280G BRITISH RIB EYE,Flat mushroom,450109,BRAKES,
menu-mep-3,280G BRITISH RIB EYE,Plum tomato,10333,BRAKES,
menu-mep-3,280G BRITISH RIB EYE,McCain Steak Thick Cut Chips,34484,BRAKES,
menu-mep-3,280G BRITISH RIB EYE,Pea shoots,13150,UFC,
menu-mep-3,GRILLED HALF CHICKEN WITH MAPLE AND MUSTARD GLAZE,GRILLED HALF CHICKEN WITH MAPLE AND MUSTARD GLAZE,,,dish
menu-mep-3,GRILLED HALF CHICKEN WITH MAPLE AND MUSTARD GLAZE,Fully cooked half chicken,131248,BRAKES,
menu-mep-3,GRILLED HALF CHICKEN WITH MAPLE AND MUSTARD GLAZE,Maple syrup,100535,BRAKES,
menu-mep-3,GRILLED HALF CHICKEN WITH MAPLE AND MUSTARD GLAZE,Wholegrain mustard,88932,BRAKES,
menu-mep-3,GRILLED HALF CHICKEN WITH MAPLE AND MUSTARD GLAZE,Pea shoots,13150,UFC,
menu-mep-3,GRILLED HALF CHICKEN WITH MAPLE AND MUSTARD GLAZE,Flat mushroom,450109,BRAKES,
menu-mep-3,GRILLED HALF CHICKEN WITH MAPLE AND MUSTARD GLAZE,Plum tomato,10333,BRAKES,
menu-mep-3,GRILLED HALF CHICKEN WITH MAPLE AND MUSTARD GLAZE,McCain Steak Thick Cut Chips,34484,BRAKES,
menu-mep-3,GRILLED HALF CHICKEN WITH MAPLE AND MUSTARD GLAZE,Lemon,10154,UFC,
menu-mep-3,GRILLED HALF CHICKEN WITH MAPLE AND MUSTARD GLAZE,Peppercorn sauce,125993,"ESSENTIAL CUISINE, BRAEHEAD",
menu-mep-3,SIGNATURE STEAK SAUCE,SIGNATURE STEAK SAUCE,,,dish/sauce
menu-mep-3,SIGNATURE STEAK SAUCE,Dijon mustard,149599,BRAKES,
menu-mep-3,SIGNATURE STEAK SAUCE,Whipping cream,70221,BRAKES,
menu-mep-3,SIGNATURE STEAK SAUCE,Capers,36037,BRAKES,
menu-mep-3,SIGNATURE STEAK SAUCE,Chives,12662,UFC,
menu-mep-3,SIGNATURE STEAK SAUCE,Red wine jus,119441,BRAKES,
