dish,item,supplier_code,supplier,notes
,Italian mixed olives,OC174,BELAZU,
GARLIC AND HERB FOCACCIA,"Focaccia base, Scrocchiarella",5003923,BRAKES,
GARLIC AND HERB FOCACCIA,Garlic and herb butter,127207,BRAKES,
STICKY PIGS IN BLANKETS,Jolly Hog pigs in blankets,S846JHCS,BPM,DISH OFF MENU per Mykola 2026-08-03
STICKY PIGS IN BLANKETS,Honey,2141,BRAKES,DISH OFF MENU — item likely shared staple
STICKY PIGS IN BLANKETS,Wholegrain mustard,88932,BRAKES,DISH OFF MENU — item likely shared staple
STICKY PIGS IN BLANKETS,Cranberry sauce,100357,BRAKES,DISH OFF MENU
TEMPURA SQUID,Frozen squid pieces,35044,BRAKES,
TEMPURA SQUID,Peanut free satay spice,188773,BRAKES,
TEMPURA SQUID,Red chilli,11324,UFC,
TEMPURA SQUID,Spring onion,13466,UFC,
TEMPURA SQUID,Vegan mayo,126924,BRAKES,
TEMPURA SQUID,Sriracha,112724 / 591085,BRAKES,dual code
ROASTED SPICED CAULIFLOWER,Cauliflower,11010,UFC,
ROASTED SPICED CAULIFLOWER,Peanut free satay spice,188773,BRAKES,
ROASTED SPICED CAULIFLOWER,Extra virgin olive oil,HB001,BELAZU,
ROASTED SPICED CAULIFLOWER,Greek yoghurt,11394,BRAKES,
ROASTED SPICED CAULIFLOWER,Lemon,10154,UFC,
ROASTED SPICED CAULIFLOWER,Garlic clove,13800,UFC,
ROASTED SPICED CAULIFLOWER,Pumpkin seeds,10844,BRAKES,
SPICED LAMB KOFTA,Lamb koftas,2KOF4CS,BPM,
SPICED LAMB KOFTA,Mint yoghurt dressing,5016,BRAKES,
SPICED LAMB KOFTA,Mediterranean cous cous salad,152292,BRAKES,
SPICED LAMB KOFTA,Pomegranate seeds,10256,UFC,
LOADED HUMMUS BOWL,Velvet hummus,129209,BRAKES,
LOADED HUMMUS BOWL,Balsamic pearl onions,5001578,BRAKES,
LOADED HUMMUS BOWL,Pomegranate seeds,10256,UFC,
LOADED HUMMUS BOWL,Pumpkin seeds,10844,BRAKES,
LOADED HUMMUS BOWL,"Olives mix, pitted",5000812,BRAKES,
LOADED HUMMUS BOWL,Pea shoots,13150,UFC,
LOADED HUMMUS BOWL,Mint,113882,BRAKES,
LOADED HUMMUS BOWL,"Flatbread, seeded",5000594,BRAKES,
LOADED HUMMUS BOWL,Feta,F301,H&B,
BUFFALO CHICKEN WINGS,Wings tangy BBQ,30818,BRAKES,
BUFFALO CHICKEN WINGS,Frank's Hot Buffalo sauce,125179 / 591197,BRAKES,dual code
BUFFALO CHICKEN WINGS,Blue cheese sauce,13663,ESSENTIAL CUISINE/BRAEHEAD,supplier truncated on sheet — verify
CAESAR SALAD,Gem lettuce,12934,UFC,
CAESAR SALAD,Sourdough bread,2104185,LBP,
CAESAR SALAD,"Caesar dressing, Lion",135680,BRAKES,
CAESAR SALAD,Parmesan shavings,149910,BRAKES,
CAESAR SALAD,Anchovies,07ANC00E3Q,DIRECT SEAFOOD,
CAESAR SALAD,Olive oil,33889,BRAKES,
CAESAR SALAD,Chicken fillet 140g-170g,6S45FA,BPM or BRAKES,add-on; alternative supplier
CAESAR SALAD,Halloumi,F33,H&B,add-on
MALAY CURRY CHICKEN AND MANGO SALAD,Chicken fillet 140g-170g,6S45FA,BPM,
MALAY CURRY CHICKEN AND MANGO SALAD,Malay curry paste,113308,BRAKES,
MALAY CURRY CHICKEN AND MANGO SALAD,Rocket,5001984,BRAKES,
MALAY CURRY CHICKEN AND MANGO SALAD,Mint,113882,BRAKES,
MALAY CURRY CHICKEN AND MANGO SALAD,Gem lettuce,12934,UFC,
MALAY CURRY CHICKEN AND MANGO SALAD,Mango,114221,BRAKES,
MALAY CURRY CHICKEN AND MANGO SALAD,Greek yoghurt,11394,BRAKES,
MALAY CURRY CHICKEN AND MANGO SALAD,Mango chutney,114844,BRAKES,
MALAY CURRY CHICKEN AND MANGO SALAD,Pickled fennel,151387,BRAKES,
MALAY CURRY CHICKEN AND MANGO SALAD,Crispy onions,134544,BRAKES,
MALAY CURRY CHICKEN AND MANGO SALAD,Chilli flakes,85288,BRAKES,
MALAY CURRY CHICKEN AND MANGO SALAD,Lemon,10154,UFC,
NOURISH BOWL,Black rice,13611,BRAEHEAD or BRAKES,alternative supplier
NOURISH BOWL,Edamame beans,148781,BRAKES,
NOURISH BOWL,Asian slaw mix,525427,BRAKES,
NOURISH BOWL,Pickled watermelon,151386,BRAKES,
NOURISH BOWL,Crispy onions,134544,BRAKES,
NOURISH BOWL,Seed mix,130609,BRAKES,
NOURISH BOWL,Sriracha,112724 / 591085,BRAKES,dual code
NOURISH BOWL,Vegan mayo,126924,BRAKES,
NOURISH BOWL,Smoked tofu,135328,BRAKES,
NOURISH BOWL,Cornflour,5946,BRAKES,
NOURISH BOWL,Tenderstem broccoli,11006,UFC,
NOURISH BOWL,"Soy, sesame, ginger dressing",134849,BRAKES,
NOURISH BOWL,Chicken fillet 140g-170g,6S45FA,BPM,add-on
NOURISH BOWL,Halloumi,F33,H&B,add-on
"CAVOLO NERO, GARLIC AND CHILLI",Cavolo nero,516364,BRAKES,
"CAVOLO NERO, GARLIC AND CHILLI",Red chilli,11324,UFC,
