dish,item,supplier_code,supplier,notes
,Ribeye aged,1210DRY,BPM,proteins extras 2026-08-04
,Sirloin aged,158DRY,BPM,proteins extras 2026-08-04
,Extra Lean Beef Mince,1453,Brakes,proteins extras 2026-08-04
,Chicken Breast Fillet,670HAL,Brakes,proteins extras 2026-08-04
,"113100 - La Boulangerie, Seeded Sourdough Bread",,,proteins extras 2026-08-04
,136978 - Hot Cross Buns,,,proteins extras 2026-08-04
,Square Cod Supreme,01COD11E08,Direct Seafood,proteins extras 2026-08-04
,Taylors Earl Grey Teabag 1X100ea,188376,Brakes,dry store / beverages 2026-08-04
,Taylors Pure Green Teabag 1X100ea,188377,Brakes,dry store / beverages 2026-08-04
,Taylors Organic Peppermint Infusion 1X100ea,188378,Brakes,dry store / beverages 2026-08-04
,Taylors Organic Chamomile Infusion 1X100ea,188379,Brakes,dry store / beverages 2026-08-04
,Taylors Lemon & Ginger Infusion 1X100ea,188380,Brakes,dry store / beverages 2026-08-04
,Taylors Blackberry&Raspberry Infusion 1X100ea,188381,Brakes,dry store / beverages 2026-08-04
,Yorkshire Tea 1x200,121621,Brakes,dry store / beverages 2026-08-04
,Yorkshire Tea Decaf 1x200,146271,Brakes,dry store / beverages 2026-08-04
,Bonne Maman Apricot Jam (Mini Jar) 60 x 30g,111359,Brakes,dry store / beverages 2026-08-04
,Bonne Maman Strawberry Jam (Mini Jar) 60 x 30g,111356,Brakes,dry store / beverages 2026-08-04
,Bonne Maman Raspberry Jam (Mini Jar) 60 x 30g,111357,Brakes,dry store / beverages 2026-08-04
,Bonne Maman Honey 30g,111361,Brakes,dry store / beverages 2026-08-04
,Bonne Maman Bitter Orange Marmalade 30g,591078,Brakes,dry store / beverages 2026-08-04
,Hot Chocolate - canteen,5009434,Brakes,dry store / beverages 2026-08-04
,Orange Juice,170330,Oranka,dry store / beverages 2026-08-04
,Apple Juice,170240,Oranka,dry store / beverages 2026-08-04
,Grapefruit Juice,170070,Oranka,dry store / beverages 2026-08-04
,PEACH 1+19 PLUS,150141,Oranka,dry store / beverages 2026-08-04
,Kelloggs Cocoa Pops 40x35g,89426,Brakes,dry store / beverages 2026-08-04
,Kelloggs Rice Krispies 40x22g,89430,Brakes,dry store / beverages 2026-08-04
,Weetabix C Pack 1x96,84730,Brakes,dry store / beverages 2026-08-04
,Kelloggs Corn Flakes 40x24g,89436,Brakes,dry store / beverages 2026-08-04
,Kelloggs All Bran Original 40x45g,5007435,Brakes,dry store / beverages 2026-08-04
,Kelloggs Crunchy Nut Cornflakes 40x35g,89427,Brakes,dry store / beverages 2026-08-04
,Schär Gluten Free Muesli portion pack 50g,128998,Brakes,dry store / beverages 2026-08-04
,Kellogg's 'Crunchy Nut' Portion,89427,Brakes,dry store / beverages 2026-08-04
,Freee GF Org Cornflakes Cereal 20x30g,148580,Brakes,dry store / beverages 2026-08-04
,Fruit and Fibre,89431,Brakes,dry store / beverages 2026-08-04
,Freee GF Org Cornflakes Cereal 20x30g (dup?),148580,Brakes,dry store / beverages 2026-08-04
,Fruit and Fibre (2),89431,Brakes,dry store / beverages 2026-08-04
,GRANNY SMITH APPLE,12042,BRAKES,breakfast ordering guide 2026-08-04
,BRAEBURN APPLE,450120,BRAKES,breakfast ordering guide 2026-08-04
,BANANA,116007,UNITED,breakfast ordering guide 2026-08-04
,ORANGE,10178,UNITED,breakfast ordering guide 2026-08-04
,SEASONAL MELON,10289,BRAKES,breakfast ordering guide 2026-08-04
,WHITE GRAPEFRUIT,71445,BRAKES,breakfast ordering guide 2026-08-04
,ORANGE SEGMENTS,14945,BRAKES,breakfast ordering guide 2026-08-04
,PRUNES,38826,BRAKES,breakfast ordering guide 2026-08-04
,PINEAPPLE DICED TUB,455055,BRAKES,breakfast ordering guide 2026-08-04
,BLACKBERRIES 125gm PUNNET,10402,UNITED,breakfast ordering guide 2026-08-04
,BLUEBERRIES 125gm PUNNET,10408,UNITED,breakfast ordering guide 2026-08-04
,STRAWBERRIES 500gm PUNNET,10478,UNITED,breakfast ordering guide 2026-08-04
,RASPBERRIES 125gm PUNNET,10440,UNITED,breakfast ordering guide 2026-08-04
,FRESH FRUIT SALAD DICED TUB,70931,BRAKES,breakfast ordering guide 2026-08-04
,PLANT BASED YOGHURT 500g,114931,BRAKES,breakfast ordering guide 2026-08-04
,ALPRO INDIVIDUAL,115561,BRAKES,breakfast ordering guide 2026-08-04
,YEO VALLEY 80G YOGHURTS,125524,BRAKES,breakfast ordering guide 2026-08-04
,BLUEBERRY COMPOTE,113713,BRAKES,breakfast ordering guide 2026-08-04
,CHERRY COMPOTE,113885,BRAKES,breakfast ordering guide 2026-08-04
,APRICOT COMPOTE,119384,BRAKES,breakfast ordering guide 2026-08-04
,GRAPES GREEN -PUNNET EACH x10 makes a box,10624,UNITED,breakfast ordering guide 2026-08-04
,GRAPES BLACK -PUNNET EACH x10 makes a box,10620,UNITED,breakfast ordering guide 2026-08-04
,LEMON - (PACK OF 10),10155,UNITED,breakfast ordering guide 2026-08-04
,LIME - (PACK OF 6),10159,UNITED,breakfast ordering guide 2026-08-04
,Fruit of the Forest,4111,BRAKES,breakfast ordering guide 2026-08-04
,FREE RANGE FRIED EGGS,152416,BRAKES,breakfast ordering guide 2026-08-04
,PORK SAUSAGE,26,BPM,breakfast ordering guide 2026-08-04
,CHICKEN SAUSAGE,S928FHAL,BPM,breakfast ordering guide 2026-08-04
,BLACK PUDDING,934,BPM,breakfast ordering guide 2026-08-04
,MIDDLE / STREAKY BACON,188596,BRAKES,breakfast ordering guide 2026-08-04
,BACK BACON,184210,BRAKES,breakfast ordering guide 2026-08-04
,FLAT MUSHROOMS,450109,BRAKES,breakfast ordering guide 2026-08-04
,FRESH PLUM TOMATOES,10333,BRAKES,breakfast ordering guide 2026-08-04
,HEINZ BAKED BEANS,115013,BRAKES,breakfast ordering guide 2026-08-04
,VEGAN SAUSAGE,136374,BRAKES,breakfast ordering guide 2026-08-04
,VEGETARIAN SAUSAGE,146282,BRAKES,breakfast ordering guide 2026-08-04
,HASH BROWNS,131778,BRAKES,breakfast ordering guide 2026-08-04
,DICED POTATO,3957,BRAKES,breakfast ordering guide 2026-08-04
,POTATO SCONE,460806,BRAKES,breakfast ordering guide 2026-08-04
,Double choc mini muffin 45g,170415,LBP BAKERY,breakfast ordering guide 2026-08-04
,BLUEBERRY CRUMBLE MUFFIN,170410,LBP BAKERY,breakfast ordering guide 2026-08-04
,BANANA TOFFEE LOAF,EXP12,LBP BAKERY,breakfast ordering guide 2026-08-04
,"STRAWBERRY CROISSANT, VEGAN",4206122,LBP BAKERY,breakfast ordering guide 2026-08-04
,BUTTER CROISSANT,440438,LBP BAKERY,breakfast ordering guide 2026-08-04
,MINI MIXED PASTRIES,32232,LBP BAKERY,breakfast ordering guide 2026-08-04
,BATARD SOURDOUGH LOAF,2104185,LBP BAKERY,breakfast ordering guide 2026-08-04
,MINI PAIN AUX RAISIN,4208315,LBP BAKERY,breakfast ordering guide 2026-08-04
,BLOOMER SLICED WHITE,JACK975,LBP BAKERY,breakfast ordering guide 2026-08-04
,CRUMPETS,KB2151A,LBP BAKERY,breakfast ordering guide 2026-08-04
,ROYAL SOURDOUGH BREAD - Ancient Grains,4030110,LBP BAKERY,breakfast ordering guide 2026-08-04
,PLAIN BAGEL,5000563,LBP BAKERY,breakfast ordering guide 2026-08-04
,"PANCAKES, VEGAN",CC11628,LBP BAKERY,breakfast ordering guide 2026-08-04
,WAFFLES,KB2090V,LBP BAKERY,breakfast ordering guide 2026-08-04
,Gluten Free Bread slices MIX,5001776,LBP BAKERY,breakfast ordering guide 2026-08-04
,PANCAKE SYRUP,85875,BRAKES,breakfast ordering guide 2026-08-04
,RYVITA,107022,BRAKES,breakfast ordering guide 2026-08-04
,BLOOMER SLICED MALTED,105666,BRAKES,breakfast ordering guide 2026-08-04
,SCOTCH MORNING ROLLS,58151,BRAKES,breakfast ordering guide 2026-08-04
,CHOCOLATE CROISSANT,31206,BRAKES,breakfast ordering guide 2026-08-04
,GLUTEEN FREE BREAD - 4 types,120307,Ritter,breakfast ordering guide 2026-08-04
,Takeaway breakfast,67597,BRAKES,breakfast ordering guide 2026-08-04
,Croissant - Wrapped,WLC0683,LBP,breakfast ordering guide 2026-08-04
,Muffin - Wrapped,WLC0669,LBP,breakfast ordering guide 2026-08-04
,Tropicana - 8x250ml,71459,BRAKES,breakfast ordering guide 2026-08-04
,GRATED CHEESE,71268,BRAKES,breakfast ordering guide 2026-08-04
,HAM,29178,BRAKES,breakfast ordering guide 2026-08-04
,CAPSICUM / PEPPERS green/red/yellow,90007/90008/90009,UNITED,breakfast ordering guide 2026-08-04
,LIQUID EGG,74521,BRAKES,breakfast ordering guide 2026-08-04
,UNSALTED BUTTER,DB083,H&B,breakfast ordering guide 2026-08-04
,SEMI SKIMMED MILK (PACK OF 6),70324,BRAKES,breakfast ordering guide 2026-08-04
,SKIMMED MILK (PACK OF 6),78224,BRAKES,breakfast ordering guide 2026-08-04
,SOYA MILK,150494,BRAKES,breakfast ordering guide 2026-08-04
,ALMOND MILK,150493,BRAKES,breakfast ordering guide 2026-08-04
,OAT MILK,150491,BRAKES,breakfast ordering guide 2026-08-04
,BANANA CHIPS,5627,BRAKES,breakfast ordering guide 2026-08-04
,DRIED CRANBERRIES,88949,BRAKES,breakfast ordering guide 2026-08-04
,DRIED PAPAYA,88951,BRAKES,breakfast ordering guide 2026-08-04
,DRIED SULTANAS,85702,BRAKES,breakfast ordering guide 2026-08-04
,CORN FLAKES,136942,BRAKES,breakfast ordering guide 2026-08-04
,RICE KRISPIES,102615,BRAKES,breakfast ordering guide 2026-08-04
,COCO POPS,115400,BRAKES,breakfast ordering guide 2026-08-04
,WEETABIX,102616,BRAKES,breakfast ordering guide 2026-08-04
,BRAN FLAKES,102608,BRAKES,breakfast ordering guide 2026-08-04
,PORRIDGE,84673,BRAKES,breakfast ordering guide 2026-08-04
,GRANOLA,115401,BRAKES,breakfast ordering guide 2026-08-04
,GLUTEN FREE CORN FLAKES,128997,BRAKES,breakfast ordering guide 2026-08-04
,GLUTEN FREE MUESLI,128998,BRAKES,breakfast ordering guide 2026-08-04
,LACTOSE FREE MILK,114412,BRAKES,breakfast ordering guide 2026-08-04
,CHEDDAR Cheese,EN071S20P1,H&B,breakfast ordering guide 2026-08-04
,BRIE,EC738,H&B,breakfast ordering guide 2026-08-04
,CHARCUTERIE,591034,BRAKES,breakfast ordering guide 2026-08-04
,HONEY ROAST HAM,29178,BRAKES,breakfast ordering guide 2026-08-04
,WAFER THIN TURKEY,29175,BRAKES,breakfast ordering guide 2026-08-04
,SMOKED SALMON,055SALDOKOA,DIRECT SF,breakfast ordering guide 2026-08-04
,SPINACH (500G PACKET),12040,UNITED,breakfast ordering guide 2026-08-04
,CUCUMBER,13409,UNITED,breakfast ordering guide 2026-08-04
,MIXED LEAVES (pack of 5),450250,BRAKES,breakfast ordering guide 2026-08-04
,ONION,10291,BRAKES,breakfast ordering guide 2026-08-04
,RAINBOW SALAD,136344,BRAKES,breakfast ordering guide 2026-08-04
,NUT FREE PESTO,131779,BRAKES,breakfast ordering guide 2026-08-04
,MIXED OLIVES,71724,BRAKES,breakfast ordering guide 2026-08-04
,HEINZ KETCHUP,28167,BRAKES,breakfast ordering guide 2026-08-04
,HP SAUCE,115066,BRAKES,breakfast ordering guide 2026-08-04
,MUSTARD,127125,BRAKES,breakfast ordering guide 2026-08-04
,HOT PEPPER SAUCE,115054,BRAKES,breakfast ordering guide 2026-08-04
,SALT,121379,BRAKES,breakfast ordering guide 2026-08-04
,PEPPER,29651,BRAKES,breakfast ordering guide 2026-08-04
,MUSTARD,88256,BRAKES,breakfast ordering guide 2026-08-04
,PHILADELPHIA PORTIONS,71099,BRAKES,breakfast ordering guide 2026-08-04
,Anchor BUTTER PORTIONS,D8218,H&B,breakfast ordering guide 2026-08-04
,SUNFLOWER SPREAD PORTIONS,70978,BRAKES,breakfast ordering guide 2026-08-04
,EXTRA VIRGIN OLIVE OIL,HB001D,BELAZU,breakfast ordering guide 2026-08-04
,BALSAMIC VINEGAR,VB100D,BELAZU,breakfast ordering guide 2026-08-04
,BROWN SUGAR,350102,BRAKES,breakfast ordering guide 2026-08-04
,CINNAMON,33581,BRAKES,breakfast ordering guide 2026-08-04
,CHIA SEEDS,132721,BRAKES,breakfast ordering guide 2026-08-04
,PUMPKIN SEEDS,10844,BRAKES,breakfast ordering guide 2026-08-04
,WHITE SUGAR STICK,130739,BRAKES,breakfast ordering guide 2026-08-04
,BROWN SUGAR STICK,130740,BRAKES,breakfast ordering guide 2026-08-04
,SWEETNER STICK,35901,BRAKES,breakfast ordering guide 2026-08-04
,WHITE VINAGER,2032,BRAKES,breakfast ordering guide 2026-08-04
,Double Cream,30008,UNITED,breakfast ordering guide 2026-08-04
,Bonne Maman Apricot Jam,111359,BRAKES,breakfast ordering guide 2026-08-04
,Bonne Maman Strawberry Jam,111356,BRAKES,breakfast ordering guide 2026-08-04
,Bonne Maman Raspberry Jam,111357,BRAKES,breakfast ordering guide 2026-08-04
,Hot Chocolate sachets,512,BRAKES,breakfast ordering guide 2026-08-04
,OLIVE OIL,5002321,BRAKES,breakfast ordering guide 2026-08-04
,Gyoza Dumpling - plant-based Hoisin Duck 800g (V)(Frozen),GYODUC,VEG EXPRESS,sky-bar sku sheet 2026-08-04
,Heura Original Plant-based Chicken Chunks 2.5kg,HEUCHUNK,VEG EXPRESS,sky-bar sku sheet 2026-08-04
,sanchi Furikake Seasoning 65g,SEAFUR65G,VEG EXPRESS,sky-bar sku sheet 2026-08-04
,French Furikake - Tomato & Raspberry 50g (V),SEAFURTOMR,VEG EXPRESS,sky-bar sku sheet 2026-08-04
,French Furikake - Onion & Fig 50g (V),SEAFURONIF,VEG EXPRESS,sky-bar sku sheet 2026-08-04
,Black Rice 1kg (V),BLARIC,VEG EXPRESS,sky-bar sku sheet 2026-08-04
,Street Food Deli Paper 1x1000,114649,BRAKES,sky-bar sku sheet 2026-08-04
,Drivers Pickled Gherkins,119509,BRAKES,sky-bar sku sheet 2026-08-04
,Brake Porcini Mushroom Arancini 40x35g,129077,BRAKES,sky-bar sku sheet 2026-08-04
,LaBo Garlic Oval Flatbreads 1x36,32667,BRAKES,sky-bar sku sheet 2026-08-04
,Sawadee Tempura King Prawns 1x900g,122302,BRAKES,sky-bar sku sheet 2026-08-04
,Sysco Prem Stnble Pizza Base Tom Sce 1x8,148540,BRAKES,sky-bar sku sheet 2026-08-04
,Fresh Kitchen Hot Honey Sauce 1x1kg,151400,BRAKES,sky-bar sku sheet 2026-08-04
,Chicago Town Take Away Stuffed Crust Four Cheese pizza,152457,BRAKES,sky-bar sku sheet 2026-08-04
,Artisan Biscuits Miller's Toast Cranberry & Raisin 100g,591233,BRAKES,sky-bar sku sheet 2026-08-04
,Ajinomoto Chicken Gyoza 1x30,129000,BRAKES,sky-bar sku sheet 2026-08-04
,Ajinomoto Vegetable Gyoza 1x30,129001,BRAKES,sky-bar sku sheet 2026-08-04
,Brake Pea Spinach Ricotta Arancini 40x35g,129391,BRAKES,sky-bar sku sheet 2026-08-04
,Brakes Nacho Cheese Sauce 1x1ltr,134568,BRAKES,sky-bar sku sheet 2026-08-04
,Brakes Sliced Jalapeno Peppers 1x1kg,106727,BRAKES,sky-bar sku sheet 2026-08-04
,Burrata 12x100g,591149,BRAKES,sky-bar sku sheet 2026-08-04
,Heinz Tomato Salsa 2x2.15ltr,125048,BRAKES,sky-bar sku sheet 2026-08-04
,Mortadella S x 150g,116167,BRAKES,sky-bar sku sheet 2026-08-04
,Set Soured Cream 1x1kg,526841,BRAKES,sky-bar sku sheet 2026-08-04
,St Pierre Brioche Hot Dog Rolls 10x4,148867,BRAKES,sky-bar sku sheet 2026-08-04
,St Pierre Sliced Brioche Loaf 7x500g,149682,BRAKES,sky-bar sku sheet 2026-08-04
,Wagyu Beefburgers 82% 1x24x170g,129192,BRAKES,sky-bar sku sheet 2026-08-04
,BEL PEPPERS STUFFED W/ CREAM CHEESE 1KG,MA012,H&B,sky-bar sku sheet 2026-08-04
,KOREAN GOCHUJANG 1.2KG HBK,HS145,H&B,sky-bar sku sheet 2026-08-04
,BURELLA 6X115G JULIENNE BRUNO,VE024,H&B,sky-bar sku sheet 2026-08-04
,HUMMUS BEETROOT & ROSEMARY 1KG DELL'AMI,HS482,H&B,sky-bar sku sheet 2026-08-04
,ARTICHOKE GRILLED HLF 2KG DELLAMI,MA200,H&B,sky-bar sku sheet 2026-08-04
,AVOCADO CAESAR DRESSING 900G HBK 354ACS,HS685,H&B,sky-bar sku sheet 2026-08-04
,BALSAMIC GLAZE 500ML,HS135,H&B,sky-bar sku sheet 2026-08-04
,CHORIZO JAM 3X2KG HBK,HS225,H&B,sky-bar sku sheet 2026-08-04
,COCONUT & MANGO CURRY DIP PB 1KG HBK,HS690,H&B,sky-bar sku sheet 2026-08-04
,GRILLED ZUCCHINI (COURG.) 2KG DELL'AMI,MA209,H&B,sky-bar sku sheet 2026-08-04
,OLIVE NOCELLARA PITTED 2.5KG DELL'AMI,DA835,H&B,sky-bar sku sheet 2026-08-04
,PEPPERS MIXED GRILLED 2KG DELL'AMI,ME1009,H&B,sky-bar sku sheet 2026-08-04
,TOMATOES SUN DRIED IN OIL 2KG DELL'AMI,MA160,H&B,sky-bar sku sheet 2026-08-04
,DELL'AMI PESTO GREEN (NO PINE NUTS) 1KG,DA602,H&B,sky-bar sku sheet 2026-08-04
,PLANT BASED GREEN PESTO 1KG DELLAMI,DA837,H&B,sky-bar sku sheet 2026-08-04
,VEGAN APPLEWOOD SLICES 200G,VE009,Delice,sky-bar sku sheet 2026-08-04
,FOCACCIA 4INCH ROUND TOMATO HERB TOPPED,3765,Delice,sky-bar sku sheet 2026-08-04
,KALAMATA OLIVE PAVE,835126,LBP,sky-bar sku sheet 2026-08-04
,FOCACCIA - MAKE A NOTE to the supplier - to swap it to the Cherry tomato focaccia instead,5002116,NOTE,sky-bar sku sheet 2026-08-04
