dish,category,note,components
Tempura King Prawn,bar_bites,"Bar bite · sweet chilli · 1 for £4.95 / 3 for £12.00",King prawns|Tempura batter|Sweet chilli sauce
Sicilian Arancini,bar_bites,"Bar bite (V) · garlic aioli · 1 for £4.95 / 3 for £12.00",Arancini|Garlic aioli
Gochujang Pork Belly Bites,bar_bites,"Bar bite · 1 for £4.95 / 3 for £12.00",Pork belly|Gochujang glaze
Spicy Chicken Wings,bar_bites,"Bar bite · sweet chilli sauce · 1 for £4.95 / 3 for £12.00",Chicken wings|Sweet chilli sauce
Nachos,sides,"(V) £12.95 · melted cheese, tomato salsa, guacamole, jalapeños, sour cream",Tortilla chips|Grated cheese|Tomato salsa|Guacamole|Jalapeños|Sour cream
French Fries,sides,"(V) £5.00",French fries
Wagyu Beef Burger,burgers,"£19.90 · with French fries",Wagyu beef patty|Brioche bun|Applewood cheddar slice|Iceberg lettuce|Tomato|Cucumber|Chorizo marmalade|French fries
Plant Based Burger,burgers,"(PB) £19.00 · with French fries",Plant based patty|Brioche bun|Vegan Applewood cheese|Iceberg lettuce|Tomato|Cucumber|Chipotle mayo|French fries
Margherita Pizza,pizza,"(V) £15.50",Pizza base|Tomato sauce|Mozzarella|Basil
Piri Piri Chicken,pizza,"Pizza · £17.50",Pizza base|Tomato sauce|Mozzarella|Piri piri chicken
