dish,component,notes
GRAZING PLATTER,Charcuterie,dish marked ED
GRAZING PLATTER,Burrata / pesto / balsamic glaze,
GRAZING PLATTER,Nocellara olives,
GRAZING PLATTER,Cream cheese bell pepper,
GRAZING PLATTER,Artichoke,
GRAZING PLATTER,Zucchini,
GRAZING PLATTER,Grilled peppers,
GRAZING PLATTER,Grapes,
GRAZING PLATTER,Caperberry,
GRAZING PLATTER,Cheddar cheese,
GRAZING PLATTER,Stilton,
GRAZING PLATTER,Bread sticks,
GRAZING PLATTER,Watercress,
BAR BITES,Chicken gyoza,dish marked ED
BAR BITES,Vegan hoisin duck gyoza,
BAR BITES,Tempura king prawn,
BAR BITES,Gochujang pork belly bites,
BAR BITES,Sicilian arancini,
BEEF BURGER,Wagyu beef,dish marked ED
BEEF BURGER,Applewood vegan cheese,
BEEF BURGER,Baby gem lettuce,
BEEF BURGER,Sliced tomato,
BEEF BURGER,Sliced cucumber,
BEEF BURGER,Butter pickles,
BEEF BURGER,Chorizo marmalade,
PLANT BASED BURGER,Vegan patty,dish marked ED
PLANT BASED BURGER,Applewood vegan cheese,
PLANT BASED BURGER,Baby gem lettuce,
PLANT BASED BURGER,Sliced tomato,
PLANT BASED BURGER,Sliced cucumber,
PLANT BASED BURGER,Chipotle mayo,
PLANT BASED BURGER,Butter pickles,
CAESAR SALAD,Baby gem lettuce,
CAESAR SALAD,Anchovies,
CAESAR SALAD,Parmesan,
CAESAR SALAD,Croutons,
CAESAR SALAD,Caesar dressing,
CAESAR SALAD,Avocado,
CAESAR SALAD,Avocado dressing,
CAESAR SALAD,Crispy shallots,
SIDES STAR,Mixed olives,
SIDES STAR,Garlic flat bread,
SIDES STAR,French fries,
SIDES STAR,Halloumi fries,
MARGHERITA PIZZA,Sourdough pizza base,dish marked ED
BREADS,Cherry tomato focaccia,
BREADS,Round focaccia,
BREADS,Seeded sourdough,
BREADS,Vegan burger bun,
MEZZE,Falafel,
MEZZE,Beetroot hummus,
MEZZE,Guacamole fresh,
MEZZE,Babaganoush,
MEZZE,Taboon bread,
NACHOS,Nachos,dish marked ED
NACHOS,Guacamole,
NACHOS,Tomato salsa,
NACHOS,Sour cream,
NACHOS,Jalapenos,
NACHOS,Nachos sauce,
SKY SANDO,Buttermilk chicken breast,
SKY SANDO,Cherry tomato focaccia,
SKY SANDO,Beetroot & kale coleslaw,
SKY SANDO,Pesto,
SKY SANDO,Baby gem,
SKY SANDO,Gochujang,
SKY SANDO,Butter pickles,
MORTADELLA SANDO,Sliced mortadella,
MORTADELLA SANDO,Cherry tomato focaccia,
MORTADELLA SANDO,Pesto,
MORTADELLA SANDO,Burrata,
MORTADELLA SANDO,Rocket leaves,
MORTADELLA SANDO,Sundried tomato,
MORTADELLA SANDO,Balsamic glaze,
SMOKED SALMON SANDO,Beetroot salmon,
SMOKED SALMON SANDO,Round focaccia,
SMOKED SALMON SANDO,Dill creme cheese,
SMOKED SALMON SANDO,Caperberry,
SMOKED SALMON SANDO,Baby radish,
SMOKED SALMON SANDO,Raspberry & tomato furikake,
SMOKED SALMON SANDO,Kimchi,
SMOKED SALMON SANDO,Watercress,
PULLED PORK PIZZA,Pulled pork,dish marked ED
PULLED PORK PIZZA,Pepperoni,
PULLED PORK PIZZA,Hot honey sauce,
PULLED PORK PIZZA,Rocket leaves,
PULLED PORK PIZZA,Grated parmesan,
SALAD,Rocket leaves,
SALAD,Baby gem,
SALAD,Shiso cress,
DESSERT OF THE DAY,Tiramisu,
DESSERT OF THE DAY,Eton mess,
SMASHED AVOCADO,Seeded sourdough,
SMASHED AVOCADO,Fresh guacamole,
SMASHED AVOCADO,Fig & onion furikake,
SMASHED AVOCADO,Tomato relish,
SMASHED AVOCADO,Rocket leaves,
TANDOORI CHICKEN PIZZA,Chicken tikka,dish marked ED
TANDOORI CHICKEN PIZZA,Jalapeno,
TANDOORI CHICKEN PIZZA,Pickled onion,
TANDOORI CHICKEN PIZZA,Rocket leaves,
TANDOORI CHICKEN PIZZA,Grated parmesan,
DRESSINGS,Tomato & red pepper chutney,house-made batch section
DRESSINGS,Gochujang dip,
DRESSINGS,Sweet chilli,
DRESSINGS,Garlic aioli,
DRESSINGS,Olive oil,
DRESSINGS,Balsamic glaze,
DRESSINGS,Caesar / avocado dressing,
DRESSINGS,Nachos sauce,
DRESSINGS,Gochujang sauce,
DRESSINGS,Chipotle mayonnaise,
DRESSINGS,Chorizo jam,
DRESSINGS,Hot honey,
DRESSINGS,Raspberry & tomato furikake,
DRESSINGS,Fig & onion furikake,
DRESSINGS,Chilli mango dressing,
BUDDHA BOWL,Burella,name read uncertain — verify
BUDDHA BOWL,Black rice,
BUDDHA BOWL,Plant based chicken,
BUDDHA BOWL,Tenderstem broccoli,
BUDDHA BOWL,Sweet potato,
BUDDHA BOWL,Turtle beans,
BUDDHA BOWL,Cherry tomato,
BUDDHA BOWL,Pickled red onion,
BUDDHA BOWL,Jalapenos,
BUDDHA BOWL,Marinated olives,
BUDDHA BOWL,Beetroot,
BUDDHA BOWL,Edamame beans,
BUDDHA BOWL,Chilli mango dressing,
